{
  "train_loss": [
    0.4174520445466042,
    0.15306620808442434,
    0.11772895885755619,
    0.10019616326193015,
    0.08601627451678118,
    0.08284824048231046,
    0.07720175472150247,
    0.06962176916003228,
    0.06319583860784769,
    0.058386795658618214,
    0.054203335240483284,
    0.052381073478609326,
    0.04838397539407015,
    0.047303838379681114,
    0.045658202771097424
  ],
  "val_loss": [
    0.16980777287483215,
    0.1221277691523234,
    0.102299780468146,
    0.08544602398077647,
    0.08076097648342451,
    0.0734446856379509,
    0.06250008375446002,
    0.06432088707884152,
    0.06525180886685848,
    0.05514526891708374,
    0.05082509829103947,
    0.04574333939452966,
    0.04723085065186024,
    0.05032810220122337,
    0.043285897597670556
  ],
  "train_acc": [
    0.86925,
    0.9520208333333333,
    0.9637916666666667,
    0.9683958333333333,
    0.9729166666666667,
    0.9740833333333333,
    0.9758541666666667,
    0.9782708333333333,
    0.9804166666666667,
    0.9812708333333333,
    0.9835625,
    0.9837291666666667,
    0.9845,
    0.9850833333333333,
    0.9858541666666667
  ],
  "val_acc": [
    0.9455833333333333,
    0.9605,
    0.9685833333333334,
    0.9726666666666667,
    0.9748333333333333,
    0.977,
    0.98225,
    0.9801666666666666,
    0.9788333333333333,
    0.9825,
    0.9831666666666666,
    0.9860833333333333,
    0.985,
    0.9844166666666667,
    0.9860833333333333
  ]
}