{
  "train_loss": [
    0.1621524767441054,
    0.06637407852895558,
    0.048962448127024494,
    0.04236028509765553,
    0.0330730776777491,
    0.02959608557734949,
    0.0225583887527852,
    0.0182390694815161,
    0.014932212598825573,
    0.010680844057472617,
    0.007752593349267651,
    0.0063971030946001215,
    0.004783728502094163,
    0.004033161107741762,
    0.003456789687479613
  ],
  "val_loss": [
    0.06295059642319878,
    0.06550091463451584,
    0.04967799239357312,
    0.04422611930857723,
    0.04823353833829363,
    0.032744739262076716,
    0.03379873610668195,
    0.029055652321549132,
    0.034398456789145715,
    0.0305494291196034,
    0.02719231109082466,
    0.02768719522259198,
    0.026774879023694666,
    0.027122562103109277,
    0.026865552746263954
  ],
  "train_acc": [
    0.9488958333333334,
    0.9794583333333333,
    0.98425,
    0.98625,
    0.9893125,
    0.9899791666666666,
    0.9925,
    0.9942083333333334,
    0.9953333333333333,
    0.9964583333333333,
    0.9976666666666667,
    0.9983541666666667,
    0.9988541666666667,
    0.9991041666666667,
    0.9992083333333334
  ],
  "val_acc": [
    0.982,
    0.9796666666666667,
    0.98525,
    0.98725,
    0.98725,
    0.9903333333333333,
    0.9905833333333334,
    0.9919166666666667,
    0.9901666666666666,
    0.9905833333333334,
    0.9918333333333333,
    0.9916666666666667,
    0.99175,
    0.992,
    0.9923333333333333
  ]
}