{
  "train_loss": [
    0.419590110818545,
    0.20256096210082372,
    0.17719411307573318,
    0.1506656617509822,
    0.13913858654970923,
    0.12581553189953168,
    0.11662876472932597,
    0.10780562696730098,
    0.1004655334657679,
    0.09253481060452759,
    0.08884706582377354,
    0.08270559610550603,
    0.07777536125543216,
    0.07431438283063471,
    0.07240148901380598
  ],
  "val_loss": [
    0.1822738826672236,
    0.15170267549157143,
    0.11227560585240523,
    0.11318833668654164,
    0.10333208218216897,
    0.09172427369405826,
    0.08892921173324188,
    0.0809503269319733,
    0.07357940849661827,
    0.06528961881374319,
    0.06786849970370532,
    0.05985718347132206,
    0.05508308218047023,
    0.06011442001660665,
    0.05860291462515791
  ],
  "train_acc": [
    0.8675625,
    0.9375208333333334,
    0.9453333333333334,
    0.953625,
    0.957875,
    0.9609791666666667,
    0.96375,
    0.96625,
    0.9692708333333333,
    0.9717916666666667,
    0.9727291666666666,
    0.9740833333333333,
    0.97625,
    0.977,
    0.9769583333333334
  ],
  "val_acc": [
    0.9435,
    0.9533333333333334,
    0.9648333333333333,
    0.9645833333333333,
    0.9680833333333333,
    0.9689166666666666,
    0.972,
    0.9745833333333334,
    0.9771666666666666,
    0.9790833333333333,
    0.978,
    0.9803333333333333,
    0.9836666666666667,
    0.9806666666666667,
    0.98225
  ]
}