{
  "train_loss": [
    0.4171256996790568,
    0.15380688286821048,
    0.11958621453742187,
    0.09952212347090245,
    0.08656550403187672,
    0.08386413364609083,
    0.0770720990250508,
    0.06993920714159807,
    0.06351944250737628,
    0.058783807629098496,
    0.05424265576650699,
    0.052238856008276345,
    0.04841828821599484,
    0.04739876770724853,
    0.04647717875490586
  ],
  "val_loss": [
    0.17275435098012287,
    0.11852984394629797,
    0.10839369908968607,
    0.08449664441744487,
    0.08516511685649554,
    0.0712601080139478,
    0.063524303038915,
    0.06248449816306432,
    0.06367279451092084,
    0.0566674611667792,
    0.050951108068227766,
    0.04637833382685979,
    0.04767099166413148,
    0.04963805034259955,
    0.04416284154355526
  ],
  "train_acc": [
    0.8691041666666667,
    0.952125,
    0.9631875,
    0.9687291666666666,
    0.9723333333333334,
    0.9736666666666667,
    0.9758333333333333,
    0.9780833333333333,
    0.98025,
    0.9816666666666667,
    0.9830208333333333,
    0.9837291666666667,
    0.9844375,
    0.9846666666666667,
    0.9855
  ],
  "val_acc": [
    0.94525,
    0.9630833333333333,
    0.9660833333333333,
    0.973,
    0.9740833333333333,
    0.9778333333333333,
    0.9814166666666667,
    0.9805833333333334,
    0.9790833333333333,
    0.9833333333333333,
    0.9824166666666667,
    0.98625,
    0.9845833333333334,
    0.9835833333333334,
    0.9866666666666667
  ]
}