{
  "train_loss": [
    0.24481199307739734,
    0.11490829181360701,
    0.09123403081173698,
    0.08169215578772128,
    0.07286840570749094,
    0.06772744410857558,
    0.059397974374704066,
    0.05685940190963447,
    0.05043165791872889,
    0.04475493362165677,
    0.044303632124948006,
    0.04064690281528359,
    0.036936709701704484,
    0.03730528587972124,
    0.032960890534178666
  ],
  "val_loss": [
    0.121901850476861,
    0.08904261162380378,
    0.07653520194565257,
    0.07195010415030023,
    0.059114900201559066,
    0.06282744254171849,
    0.05980170391748349,
    0.05293261958286166,
    0.04950418120995164,
    0.04179892992228269,
    0.04104040104833742,
    0.03509110332094133,
    0.037916159629821776,
    0.037892245705549915,
    0.03700002425784866
  ],
  "train_acc": [
    0.9229375,
    0.9633958333333333,
    0.9710208333333333,
    0.97475,
    0.9777708333333334,
    0.9786875,
    0.9806041666666667,
    0.9816041666666667,
    0.9835833333333334,
    0.985625,
    0.9857916666666666,
    0.9873333333333333,
    0.9887291666666667,
    0.9881666666666666,
    0.9893125
  ],
  "val_acc": [
    0.96275,
    0.9705833333333334,
    0.9763333333333334,
    0.9769166666666667,
    0.9815,
    0.9813333333333333,
    0.9818333333333333,
    0.985,
    0.9850833333333333,
    0.9859166666666667,
    0.9873333333333333,
    0.9885,
    0.9885,
    0.98775,
    0.988
  ]
}