{
  "train_loss": [
    0.35056098335484664,
    0.16597584538782637,
    0.13431690765172244,
    0.11550518596855303,
    0.10572816547254721,
    0.0931456902542462,
    0.08861040035883586,
    0.07797029746696353,
    0.07274791039774815,
    0.06667916737745205,
    0.061600861000518,
    0.05734519169231256,
    0.053768068816202386,
    0.05452264945581555,
    0.050414837677031754
  ],
  "val_loss": [
    0.18096594029664995,
    0.1594454244673252,
    0.09531022909283637,
    0.09026861629883448,
    0.07739214492216706,
    0.07796320567031702,
    0.06560602251936992,
    0.08089045838763316,
    0.06981983828296263,
    0.057914171600714326,
    0.05289386865403503,
    0.05569908499283095,
    0.053779374226306874,
    0.04907123894958446,
    0.04680811890587211
  ],
  "train_acc": [
    0.8900416666666666,
    0.9482083333333333,
    0.9578333333333333,
    0.964,
    0.9669583333333334,
    0.9706458333333333,
    0.9727291666666666,
    0.9756041666666667,
    0.977125,
    0.9795625,
    0.980875,
    0.9818333333333333,
    0.9831666666666666,
    0.98375,
    0.9850416666666667
  ],
  "val_acc": [
    0.9405833333333333,
    0.9501666666666667,
    0.97075,
    0.9719166666666667,
    0.97525,
    0.9739166666666667,
    0.9783333333333334,
    0.97575,
    0.9790833333333333,
    0.982,
    0.9830833333333333,
    0.9834166666666667,
    0.9829166666666667,
    0.9838333333333333,
    0.9853333333333333
  ]
}