{
  "train_loss": [
    0.3640176447977622,
    0.18530753514915704,
    0.15403564109404883,
    0.13178326730430126,
    0.12148351326833169,
    0.11280737015604973,
    0.1002112269923091,
    0.10084229519466559,
    0.0902787008844316,
    0.0824640967020144,
    0.08262007680224875,
    0.07385602808992069,
    0.0676694848065575,
    0.06708798392365377,
    0.06093094672635198,
    0.06002892953964571,
    0.05787896234852572,
    0.05554616010483975,
    0.054304208556190135,
    0.05504007420192162
  ],
  "val_loss": [
    0.16357388832171757,
    0.11903576733668646,
    0.1065603269636631,
    0.0924234106366833,
    0.08545724932601055,
    0.08564149737823755,
    0.07466264813145002,
    0.06904105168332657,
    0.07028039631464829,
    0.06319750848660867,
    0.06241301450009147,
    0.051377734531958895,
    0.051754083234195905,
    0.05240879348044594,
    0.04631930340702335,
    0.044853564761579034,
    0.04461445790187766,
    0.04320345749240369,
    0.04644244342048963,
    0.04458990845208367
  ],
  "train_acc": [
    0.8828958333333333,
    0.9420416666666667,
    0.9519375,
    0.9591875,
    0.9624375,
    0.9652916666666667,
    0.9682708333333333,
    0.9686875,
    0.9712916666666667,
    0.9743958333333333,
    0.9738125,
    0.9776458333333333,
    0.9787708333333334,
    0.9790208333333333,
    0.9803958333333334,
    0.9806875,
    0.9817916666666666,
    0.9828958333333333,
    0.9829166666666667,
    0.9831041666666667
  ],
  "val_acc": [
    0.9453333333333334,
    0.96175,
    0.9653333333333334,
    0.9703333333333334,
    0.9723333333333334,
    0.9715833333333334,
    0.97625,
    0.9785833333333334,
    0.9771666666666666,
    0.9804166666666667,
    0.9796666666666667,
    0.98275,
    0.9834166666666667,
    0.98225,
    0.9849166666666667,
    0.9855833333333334,
    0.98625,
    0.9865,
    0.9841666666666666,
    0.9846666666666667
  ]
}