{
  "train_loss": [
    0.4136625722696384,
    0.22926905657164753,
    0.19832137972985706,
    0.184950023346891,
    0.1635728832722331,
    0.15232991021654257,
    0.14140578609736015,
    0.12921632602469374,
    0.11949822839225333,
    0.11143261202890425,
    0.10394471136449526,
    0.09606333913529913,
    0.08514893602548788,
    0.08430271572666242,
    0.08339694080005089
  ],
  "val_loss": [
    0.17781006420155365,
    0.15201528385778268,
    0.12675241589546205,
    0.11099345593775312,
    0.10180265977357825,
    0.0995507068571945,
    0.09064449217294654,
    0.09634300959917406,
    0.0888733047147592,
    0.0792976036046942,
    0.07996385556583603,
    0.06925393703052153,
    0.06290004718303681,
    0.05948112439426283,
    0.06092846021677057
  ],
  "train_acc": [
    0.8691041666666667,
    0.929875,
    0.9394583333333333,
    0.94325,
    0.949875,
    0.9533958333333333,
    0.9572708333333333,
    0.96125,
    0.9634791666666667,
    0.9664166666666667,
    0.9685,
    0.9707708333333334,
    0.9732083333333333,
    0.9743958333333333,
    0.9749791666666666
  ],
  "val_acc": [
    0.9453333333333334,
    0.95175,
    0.9601666666666666,
    0.9646666666666667,
    0.9680833333333333,
    0.9690833333333333,
    0.9721666666666666,
    0.9698333333333333,
    0.9708333333333333,
    0.97575,
    0.9740833333333333,
    0.9785,
    0.9821666666666666,
    0.9805,
    0.98125
  ]
}