{
  "train_loss": [
    0.3576877473245064,
    0.16704775387297074,
    0.13792668970425923,
    0.12422439740598201,
    0.10706498060623805,
    0.09790512008344134,
    0.09309948499749104,
    0.08213975474641969,
    0.08048561247903854,
    0.07607676882793506,
    0.06795308752078563,
    0.06463777827719848,
    0.059888594856485726,
    0.05578171421711643,
    0.055441724485096835
  ],
  "val_loss": [
    0.1752096852262815,
    0.10770576131840547,
    0.12928018603722255,
    0.11272353417426348,
    0.08501854556053877,
    0.07858985672642788,
    0.07879249511907498,
    0.07420833863938849,
    0.06636692148074508,
    0.05864978931720058,
    0.05831307169919213,
    0.0495657215770334,
    0.050733026408900816,
    0.0499456515526399,
    0.05105767235780756
  ],
  "train_acc": [
    0.8890625,
    0.9495208333333334,
    0.9574583333333333,
    0.961625,
    0.9674583333333333,
    0.9703541666666666,
    0.9719583333333334,
    0.9745833333333334,
    0.9753125,
    0.9770208333333333,
    0.9802708333333333,
    0.9804791666666667,
    0.9815416666666666,
    0.9832708333333333,
    0.9829375
  ],
  "val_acc": [
    0.9443333333333334,
    0.9645,
    0.9603333333333334,
    0.9653333333333334,
    0.972,
    0.97475,
    0.9755833333333334,
    0.97575,
    0.9800833333333333,
    0.98075,
    0.9808333333333333,
    0.9844166666666667,
    0.9841666666666666,
    0.9839166666666667,
    0.9830833333333333
  ]
}