{
  "train_loss": [
    0.24331537045538426,
    0.11314825945720076,
    0.0910060035114487,
    0.08087442298171421,
    0.07341743439839532,
    0.0662513739047572,
    0.0592596344249323,
    0.05701454971451312,
    0.04931402100219081,
    0.044453472888097166,
    0.04306491487659514,
    0.04098372709580387,
    0.03655550696281716,
    0.03683534811918313,
    0.03315802477439866
  ],
  "val_loss": [
    0.1216775381465753,
    0.08943730743726094,
    0.08449151981870333,
    0.07134857513507208,
    0.05963138136267662,
    0.05733675287291408,
    0.05923520725717147,
    0.05598618502914905,
    0.04764035718888044,
    0.04099448409986993,
    0.04159664624494811,
    0.03620614675867061,
    0.03850206046551466,
    0.03713881331216544,
    0.036313805114477876
  ],
  "train_acc": [
    0.9238125,
    0.964375,
    0.9718333333333333,
    0.9747916666666666,
    0.9765833333333334,
    0.9786041666666667,
    0.9806875,
    0.98225,
    0.9847708333333334,
    0.9856666666666667,
    0.9862291666666667,
    0.9874375,
    0.988375,
    0.9883958333333334,
    0.9893541666666666
  ],
  "val_acc": [
    0.9615,
    0.9725,
    0.9736666666666667,
    0.9775,
    0.981,
    0.9823333333333333,
    0.982,
    0.9840833333333333,
    0.9855,
    0.9859166666666667,
    0.9865833333333334,
    0.9880833333333333,
    0.9888333333333333,
    0.9881666666666666,
    0.9883333333333333
  ]
}