{
  "train_loss": [
    0.785451651930809,
    0.4117462834715843,
    0.33415119938055676,
    0.2974992525776227,
    0.2656269764502843,
    0.23768038587272167,
    0.220306862394015,
    0.2046618610918522,
    0.19116421640415987,
    0.1769251972436905,
    0.1644323542738954,
    0.1579410345479846,
    0.14994257978101572,
    0.14618175146728754,
    0.14042897968987625
  ],
  "val_loss": [
    0.3623195575475693,
    0.27086368451515835,
    0.2288360973795255,
    0.2281643444299698,
    0.1831191571255525,
    0.17150711556275686,
    0.15978843679030735,
    0.15001513665914534,
    0.13951292111476263,
    0.1354202431688706,
    0.13081894158323606,
    0.11292980701724688,
    0.10633996786673863,
    0.10969065114855767,
    0.10476875527203083
  ],
  "train_acc": [
    0.7407708333333334,
    0.870125,
    0.8964375,
    0.9062291666666666,
    0.9152708333333334,
    0.9255625,
    0.9308958333333334,
    0.9358541666666667,
    0.9406875,
    0.9449583333333333,
    0.9484166666666667,
    0.95175,
    0.9531875,
    0.9534791666666667,
    0.9558958333333333
  ],
  "val_acc": [
    0.8898333333333334,
    0.91575,
    0.92625,
    0.927,
    0.94375,
    0.9463333333333334,
    0.9485833333333333,
    0.951,
    0.9540833333333333,
    0.9571666666666667,
    0.9570833333333333,
    0.9641666666666666,
    0.9655833333333333,
    0.9660833333333333,
    0.9655833333333333
  ]
}