{
  "train_loss": [
    0.41808330298463503,
    0.20307492717603842,
    0.1762454580143094,
    0.1518167761079967,
    0.13898071570011478,
    0.1247543454542756,
    0.1171738141713043,
    0.10717155960326394,
    0.10001661438246567,
    0.09347246538599333,
    0.08841885575527945,
    0.08280927774744729,
    0.07753700504948695,
    0.07390258210618049,
    0.07215697006881237
  ],
  "val_loss": [
    0.1804067252278328,
    0.14967532990376153,
    0.10328184699515501,
    0.10994348432372014,
    0.09752961836258571,
    0.09305634140968323,
    0.08622149838879704,
    0.07748922428240379,
    0.07539130042741696,
    0.0669168825323383,
    0.06555423063288132,
    0.05944061437745889,
    0.05611070776358247,
    0.059727406484385334,
    0.059130129816631474
  ],
  "train_acc": [
    0.8681458333333333,
    0.9378541666666667,
    0.9446666666666667,
    0.9532291666666667,
    0.9577708333333333,
    0.961125,
    0.9644166666666667,
    0.9667916666666667,
    0.9691875,
    0.9711875,
    0.9729583333333334,
    0.9757708333333334,
    0.9765208333333333,
    0.9770416666666667,
    0.9773958333333334
  ],
  "val_acc": [
    0.9425833333333333,
    0.9536666666666667,
    0.9683333333333334,
    0.9660833333333333,
    0.9695833333333334,
    0.9695833333333334,
    0.9739166666666667,
    0.9750833333333333,
    0.9785,
    0.9788333333333333,
    0.9788333333333333,
    0.9809166666666667,
    0.98325,
    0.9809166666666667,
    0.9813333333333333
  ]
}