{
  "train_loss": [
    0.3529567048251629,
    0.1655064613893628,
    0.13536670657247304,
    0.12126493017251293,
    0.10890562645656367,
    0.10186746778090795,
    0.09525965124306579,
    0.08028254755213857,
    0.0800571911452959,
    0.0718962844753017,
    0.06588075046148151,
    0.06485987874151518,
    0.060288897138088944,
    0.05923391169030219,
    0.05715620410007735
  ],
  "val_loss": [
    0.15879943079749742,
    0.12529084184765815,
    0.1218918703297774,
    0.09447415420164665,
    0.10426982710758845,
    0.07640316718816757,
    0.07593133553986749,
    0.06667708222319682,
    0.059273343342045946,
    0.05364146711304784,
    0.05588205099416276,
    0.05453679932374507,
    0.051417280440529185,
    0.04521777705320468,
    0.04593890389924248
  ],
  "train_acc": [
    0.8894375,
    0.9475,
    0.9574166666666667,
    0.961375,
    0.9645625,
    0.9682708333333333,
    0.9708541666666667,
    0.975125,
    0.974,
    0.97775,
    0.9787083333333333,
    0.9791041666666667,
    0.9804166666666667,
    0.9817083333333333,
    0.9820208333333333
  ],
  "val_acc": [
    0.95225,
    0.9605833333333333,
    0.9599166666666666,
    0.9700833333333333,
    0.9674166666666667,
    0.9743333333333334,
    0.9763333333333334,
    0.9775833333333334,
    0.9811666666666666,
    0.9815833333333334,
    0.9820833333333333,
    0.9833333333333333,
    0.9821666666666666,
    0.9854166666666667,
    0.9844166666666667
  ]
}