{
  "train_loss": [
    0.326960640716056,
    0.16437378093848626,
    0.13519409475972255,
    0.1184859967082739,
    0.1103085400654624,
    0.10245568515794973,
    0.093380180892845,
    0.08501148069712022,
    0.07882161489129066,
    0.0720450146884347,
    0.06785061026116213,
    0.05944972929172218,
    0.05693105519656092,
    0.053096370945529395,
    0.051404064393912756,
    0.04508276972842092,
    0.04017209297395311,
    0.03727221579609128,
    0.038298978965419034,
    0.03442152456038942
  ],
  "val_loss": [
    0.17487224692106246,
    0.10710591002305349,
    0.11077280371139447,
    0.08657455462217331,
    0.10261715838933984,
    0.0873454433058699,
    0.06666462251606087,
    0.0753381589477261,
    0.05659882592223585,
    0.06314113695671161,
    0.05281732489106556,
    0.053074648353581624,
    0.04405383219507834,
    0.042786641245086986,
    0.03873430045694113,
    0.03534337229685237,
    0.03517282549183195,
    0.035346283250371924,
    0.031558990923222154,
    0.031940777864734024
  ],
  "train_acc": [
    0.896875,
    0.9511041666666666,
    0.9593541666666666,
    0.9656875,
    0.9664791666666667,
    0.9692291666666667,
    0.9733958333333333,
    0.9753125,
    0.9767916666666666,
    0.9788541666666667,
    0.98,
    0.9821875,
    0.9825625,
    0.9837291666666667,
    0.9847291666666667,
    0.9867291666666667,
    0.9876875,
    0.9884166666666667,
    0.9879166666666667,
    0.9890208333333333
  ],
  "val_acc": [
    0.9468333333333333,
    0.9668333333333333,
    0.96625,
    0.97475,
    0.9685,
    0.97325,
    0.9793333333333333,
    0.9761666666666666,
    0.9823333333333333,
    0.979,
    0.9829166666666667,
    0.9834166666666667,
    0.9866666666666667,
    0.9873333333333333,
    0.9894166666666667,
    0.98825,
    0.9889166666666667,
    0.98875,
    0.99,
    0.9899166666666667
  ]
}