{
  "train_loss": [
    0.3849002393782139,
    0.20394419393502175,
    0.17449288307999572,
    0.1592161463573575,
    0.14310568827421716,
    0.13340875361145785,
    0.12076252555575533,
    0.11761208305569987,
    0.10634955969483902,
    0.09925429281111185,
    0.08672784977949535,
    0.08056976362216907,
    0.07180466187132212,
    0.06797866810664224,
    0.0631527580456653
  ],
  "val_loss": [
    0.16581208783139786,
    0.1880966197003921,
    0.1326666582102577,
    0.11938673092797399,
    0.1076291666602095,
    0.08878390048940976,
    0.08182828399290641,
    0.08972127136401832,
    0.09114465727470815,
    0.07798068749842545,
    0.06800786609295756,
    0.06367787753387044,
    0.05697686146137615,
    0.051319514514567954,
    0.051152881343228124
  ],
  "train_acc": [
    0.877625,
    0.9375416666666667,
    0.9457916666666667,
    0.9515833333333333,
    0.9552083333333333,
    0.9587083333333334,
    0.9620416666666667,
    0.9635833333333333,
    0.966875,
    0.9692083333333333,
    0.9735833333333334,
    0.9754166666666667,
    0.97675,
    0.9790416666666667,
    0.9795625
  ],
  "val_acc": [
    0.94775,
    0.9413333333333334,
    0.9566666666666667,
    0.9613333333333334,
    0.9646666666666667,
    0.97125,
    0.9746666666666667,
    0.9700833333333333,
    0.9686666666666667,
    0.9749166666666667,
    0.9801666666666666,
    0.9799166666666667,
    0.9816666666666667,
    0.9820833333333333,
    0.98275
  ]
}