{
  "train_loss": [
    0.40691216177741685,
    0.20987884638706844,
    0.17818984039127828,
    0.16327837346990903,
    0.15064199314266444,
    0.13604098896682262,
    0.1297197717713813,
    0.12079585744316379,
    0.11513368060067296,
    0.10578481774032115,
    0.09623623855039477,
    0.09015376948565244,
    0.08455503776545326,
    0.07981053956598043,
    0.07362507776605587
  ],
  "val_loss": [
    0.16507023820281028,
    0.13646935486793518,
    0.11661146913965544,
    0.099928706685702,
    0.09590682703008255,
    0.11324694171796243,
    0.0941770925372839,
    0.07970088412861029,
    0.07864891907200217,
    0.06759970670441787,
    0.06444215760131677,
    0.06461585987110932,
    0.056151139697680874,
    0.05580480813235045,
    0.05253590000420809
  ],
  "train_acc": [
    0.8715416666666667,
    0.9334166666666667,
    0.9441041666666666,
    0.9496458333333333,
    0.95375,
    0.9584583333333333,
    0.9608541666666667,
    0.9630416666666667,
    0.9644791666666667,
    0.9674375,
    0.9715416666666666,
    0.9721458333333334,
    0.9740208333333333,
    0.9764791666666667,
    0.9773541666666666
  ],
  "val_acc": [
    0.9466666666666667,
    0.9561666666666667,
    0.9631666666666666,
    0.969,
    0.96825,
    0.965,
    0.969,
    0.97525,
    0.9754166666666667,
    0.97775,
    0.9790833333333333,
    0.9786666666666667,
    0.9819166666666667,
    0.9815833333333334,
    0.9831666666666666
  ]
}