{
  "train_loss": [
    0.34988324795663356,
    0.1747706693870326,
    0.1475934291370213,
    0.13046507843087116,
    0.11655091144765417,
    0.10603033010351161,
    0.0965707335708042,
    0.08655379230653246,
    0.08625645793229342,
    0.07617174406598011,
    0.06637955575591574,
    0.06252919735386968,
    0.06227414699861159,
    0.056333839315610625,
    0.055560049603693186
  ],
  "val_loss": [
    0.1682111194729805,
    0.13016279660165309,
    0.10801760961612066,
    0.08920031616588434,
    0.08647192087272804,
    0.08842007040480773,
    0.07132594059904417,
    0.06930075463528435,
    0.058120114356279375,
    0.059483530790855485,
    0.05330198523029685,
    0.048594059932356076,
    0.04289110023031632,
    0.04717365716025233,
    0.04337635191343725
  ],
  "train_acc": [
    0.89,
    0.9451666666666667,
    0.953625,
    0.9594166666666667,
    0.9633125,
    0.9666875,
    0.9703541666666666,
    0.9726875,
    0.973375,
    0.9756041666666667,
    0.9792083333333333,
    0.9802916666666667,
    0.9802916666666667,
    0.982625,
    0.9824791666666667
  ],
  "val_acc": [
    0.9471666666666667,
    0.9585,
    0.9673333333333334,
    0.9724166666666667,
    0.9729166666666667,
    0.9700833333333333,
    0.9764166666666667,
    0.9770833333333333,
    0.9804166666666667,
    0.9803333333333333,
    0.9833333333333333,
    0.9831666666666666,
    0.9861666666666666,
    0.98425,
    0.98625
  ]
}