{
  "train_loss": [
    0.3713066868185997,
    0.1579685119688511,
    0.12821550722916922,
    0.11426510131855806,
    0.10446034956475099,
    0.09310234543681145,
    0.08618511872490248,
    0.07974693777163823,
    0.07551413633674384,
    0.0676038038333257,
    0.06190879576653242,
    0.05860332430774967,
    0.0550098588714997,
    0.05137417834500472,
    0.05142584589868784
  ],
  "val_loss": [
    0.16226036781072617,
    0.14136829912662507,
    0.10703268340229988,
    0.09231286169091861,
    0.08382846584916115,
    0.0789049520889918,
    0.08826843720674515,
    0.076556340833505,
    0.05605389156440894,
    0.05324933738509814,
    0.05339856900274754,
    0.048681372498472535,
    0.05359868627289931,
    0.044822385380665464,
    0.04358108656605085
  ],
  "train_acc": [
    0.88175,
    0.9503541666666667,
    0.9585625,
    0.9646666666666667,
    0.9669583333333334,
    0.9694791666666667,
    0.9723333333333334,
    0.9747916666666666,
    0.9767083333333333,
    0.9782291666666667,
    0.9807291666666667,
    0.9813958333333334,
    0.983125,
    0.9837708333333334,
    0.9837916666666666
  ],
  "val_acc": [
    0.9489166666666666,
    0.9560833333333333,
    0.9670833333333333,
    0.9705833333333334,
    0.973,
    0.9749166666666667,
    0.97175,
    0.9753333333333334,
    0.9814166666666667,
    0.9825,
    0.9833333333333333,
    0.9855833333333334,
    0.9840833333333333,
    0.9848333333333333,
    0.9859166666666667
  ]
}