{
  "train_loss": [
    0.35396340901156265,
    0.16455722046395144,
    0.13541312927752733,
    0.12142659232144555,
    0.10906917991985877,
    0.10238922194267312,
    0.0940518803987652,
    0.0805099740413328,
    0.08097745085073015,
    0.07125705427428086,
    0.0643828180792431,
    0.06487710851306716,
    0.060033954568517706,
    0.05931025523195664,
    0.05643645703668396
  ],
  "val_loss": [
    0.15735285477836927,
    0.12311255245407422,
    0.10494001885751883,
    0.10077883458634218,
    0.10890918662647406,
    0.07493075259029865,
    0.07675745597481727,
    0.06529909633845091,
    0.05791096633424361,
    0.054026141110807654,
    0.057453746471864485,
    0.053981658475163084,
    0.04989355065176884,
    0.044428292823334534,
    0.045361411049962046
  ],
  "train_acc": [
    0.8891041666666667,
    0.9484375,
    0.9573541666666666,
    0.9615,
    0.9647916666666667,
    0.9682291666666667,
    0.9704583333333333,
    0.974625,
    0.9745208333333333,
    0.9781666666666666,
    0.9803541666666666,
    0.9793125,
    0.9808125,
    0.9810416666666667,
    0.9824166666666667
  ],
  "val_acc": [
    0.9528333333333333,
    0.96125,
    0.96475,
    0.9679166666666666,
    0.9660833333333333,
    0.9755833333333334,
    0.9753333333333334,
    0.9789166666666667,
    0.9810833333333333,
    0.9813333333333333,
    0.9826666666666667,
    0.9825833333333334,
    0.9818333333333333,
    0.9855833333333334,
    0.98525
  ]
}