{
  "train_loss": [
    0.5798811224301657,
    0.23215724056959153,
    0.1964697661201159,
    0.1745954357087612,
    0.16099078132708866,
    0.14914941240350404,
    0.13580488778154054,
    0.12968053291241327,
    0.11742676119009654,
    0.10916786534587543,
    0.10209422331055006,
    0.09576905297239621,
    0.09257086577018102,
    0.08622468798359235,
    0.08637972036004067
  ],
  "val_loss": [
    0.2142215915520986,
    0.18249535270531972,
    0.16975509707132974,
    0.14036945160230002,
    0.11751060658693313,
    0.11636312886079152,
    0.1046755471030871,
    0.0902853745619456,
    0.08554930365085602,
    0.08793411562840144,
    0.0790676217675209,
    0.07412437315781911,
    0.08226016571124395,
    0.0685436263481776,
    0.0677414001027743
  ],
  "train_acc": [
    0.8191041666666666,
    0.9275416666666667,
    0.9385,
    0.94575,
    0.9500208333333333,
    0.9537083333333334,
    0.9583125,
    0.9595416666666666,
    0.9638958333333333,
    0.9667083333333333,
    0.968375,
    0.9699375,
    0.9715416666666666,
    0.9739583333333334,
    0.9731458333333334
  ],
  "val_acc": [
    0.9335833333333333,
    0.9436666666666667,
    0.9458333333333333,
    0.9556666666666667,
    0.9634166666666667,
    0.9646666666666667,
    0.9655,
    0.9728333333333333,
    0.9723333333333334,
    0.972,
    0.97475,
    0.97475,
    0.9748333333333333,
    0.97925,
    0.9776666666666667
  ]
}