{
  "train_loss": [
    0.7103674141764641,
    0.40907543084025383,
    0.3449177320202192,
    0.3155545930067698,
    0.29289985687534015,
    0.27593130494157475,
    0.26277912387251856,
    0.24876759579777719,
    0.23885532050331434,
    0.22448571411768595,
    0.21455331335465114,
    0.2091451474328836,
    0.19927858572204907,
    0.18925808511674405,
    0.18099099656939507,
    0.17710187986989817,
    0.17578616702059904,
    0.16880582006524006,
    0.16499956256647905,
    0.1657937417800228
  ],
  "val_loss": [
    0.332180971801281,
    0.2319421273469925,
    0.21805233960350354,
    0.18515593711535136,
    0.18092842888832092,
    0.17506725267569223,
    0.16062113203605016,
    0.14820138734579086,
    0.1504535205711921,
    0.13182323971390725,
    0.12558959275484086,
    0.12624167256553967,
    0.1257550122141838,
    0.11962195019423962,
    0.11367608842253685,
    0.11107853952050209,
    0.1076928675522407,
    0.10733276322484016,
    0.1006094523270925,
    0.10400750289857387
  ],
  "train_acc": [
    0.7706041666666666,
    0.8712291666666667,
    0.8921875,
    0.9007916666666667,
    0.908625,
    0.914125,
    0.9180833333333334,
    0.92325,
    0.9279583333333333,
    0.9313333333333333,
    0.9334166666666667,
    0.9352708333333334,
    0.9376458333333333,
    0.9418958333333334,
    0.9433958333333333,
    0.9458125,
    0.9468125,
    0.947625,
    0.9495208333333334,
    0.948125
  ],
  "val_acc": [
    0.9025,
    0.92775,
    0.9339166666666666,
    0.9410833333333334,
    0.9441666666666667,
    0.9463333333333334,
    0.9498333333333333,
    0.9529166666666666,
    0.9519166666666666,
    0.9589166666666666,
    0.95975,
    0.9601666666666666,
    0.96025,
    0.9628333333333333,
    0.9646666666666667,
    0.9644166666666667,
    0.966,
    0.96575,
    0.9684166666666667,
    0.9674166666666667
  ]
}