{
  "train_loss": [
    0.32527400024731956,
    0.16335244470089674,
    0.1358318264807264,
    0.1216792620519797,
    0.10802909633082648,
    0.10528984516983231,
    0.09188324143489202,
    0.08522488229287167,
    0.08059888257086277,
    0.07197027220623568,
    0.06831813682398448,
    0.06163624360179529,
    0.05759695650668194,
    0.05259241005918011,
    0.05062512106851985,
    0.04585076352146764,
    0.04082531776325777,
    0.03813453860317047,
    0.03909399548646373,
    0.03485285840579309
  ],
  "val_loss": [
    0.16402397195498147,
    0.12701747891306878,
    0.09716894487043222,
    0.08691028727094333,
    0.10236848063891132,
    0.08963649250442783,
    0.06463605438359082,
    0.0628458017334342,
    0.05838156491300712,
    0.05713412630558014,
    0.04994483230821788,
    0.05333717782981694,
    0.0464987755579253,
    0.04100358595823248,
    0.03798329764666657,
    0.03747771301927666,
    0.03622721662931144,
    0.034909768684534354,
    0.0318193321172148,
    0.032202470808677996
  ],
  "train_acc": [
    0.8976041666666666,
    0.9507291666666666,
    0.9605416666666666,
    0.964,
    0.9679375,
    0.9695208333333334,
    0.9732916666666667,
    0.9748541666666667,
    0.9766666666666667,
    0.97925,
    0.9796041666666667,
    0.9815625,
    0.9826666666666667,
    0.9842916666666667,
    0.9845416666666666,
    0.9865,
    0.9873125,
    0.9883333333333333,
    0.9880833333333333,
    0.9889791666666666
  ],
  "val_acc": [
    0.94875,
    0.96075,
    0.971,
    0.9734166666666667,
    0.9693333333333334,
    0.9719166666666667,
    0.9803333333333333,
    0.9805,
    0.982,
    0.982,
    0.98375,
    0.983,
    0.985,
    0.98775,
    0.9886666666666667,
    0.9874166666666667,
    0.9893333333333333,
    0.9891666666666666,
    0.9900833333333333,
    0.98975
  ]
}