{
  "train_loss": [
    0.34920685606698193,
    0.16361462106307348,
    0.13924055544783673,
    0.11797249980891744,
    0.1064855275520434,
    0.09773093089275062,
    0.08621898757480084,
    0.08304551884283622,
    0.07242279383850594,
    0.0691870590702941,
    0.062009767436111966,
    0.0601457762029022,
    0.0533600872871466,
    0.05191299330474188,
    0.05019063412661975
  ],
  "val_loss": [
    0.16563205703099568,
    0.11651406762500605,
    0.12399916901191076,
    0.08284907249857983,
    0.08106582162280877,
    0.07807938046753407,
    0.06337425426517923,
    0.06417878959824641,
    0.06645404310896992,
    0.06172620898361007,
    0.06086833119019866,
    0.04501719552216431,
    0.04414520678607126,
    0.04605598523467779,
    0.04807097569480538
  ],
  "train_acc": [
    0.8895208333333333,
    0.9496666666666667,
    0.9570416666666667,
    0.9642708333333333,
    0.9670625,
    0.9699583333333334,
    0.9728125,
    0.9746875,
    0.9771458333333334,
    0.9791458333333334,
    0.9812916666666667,
    0.9815416666666666,
    0.984,
    0.9843125,
    0.9851875
  ],
  "val_acc": [
    0.948,
    0.9608333333333333,
    0.95925,
    0.97325,
    0.97375,
    0.97625,
    0.9810833333333333,
    0.9793333333333333,
    0.9786666666666667,
    0.9815,
    0.9809166666666667,
    0.9855,
    0.9854166666666667,
    0.9860833333333333,
    0.9848333333333333
  ]
}