{
  "train_loss": [
    0.578936414440473,
    0.2311445509195328,
    0.19844777228434882,
    0.17307942834496498,
    0.159635456353426,
    0.14845740390817325,
    0.13600350161393485,
    0.13070075638592243,
    0.11539045316974322,
    0.1097231474717458,
    0.10093700401981671,
    0.09523965967198213,
    0.09190258950491746,
    0.08570485938588779,
    0.08654985018074512
  ],
  "val_loss": [
    0.21023713684082032,
    0.19431079316139221,
    0.16726592538754145,
    0.15229777975877126,
    0.1193873783548673,
    0.11480289169152577,
    0.10102020913362503,
    0.09406148650248845,
    0.08812225810686747,
    0.0866453993121783,
    0.07877976093689601,
    0.07272720058759054,
    0.08238347844282785,
    0.06862930633624395,
    0.06738558006286621
  ],
  "train_acc": [
    0.8196666666666667,
    0.9271875,
    0.9386458333333333,
    0.9464791666666666,
    0.9502083333333333,
    0.9544791666666667,
    0.9578333333333333,
    0.9586666666666667,
    0.9645625,
    0.9663333333333334,
    0.9691041666666667,
    0.97025,
    0.9716041666666667,
    0.9734583333333333,
    0.9735
  ],
  "val_acc": [
    0.93425,
    0.9391666666666667,
    0.9485833333333333,
    0.9514166666666667,
    0.9629166666666666,
    0.96375,
    0.9671666666666666,
    0.9714166666666667,
    0.9713333333333334,
    0.9725,
    0.9756666666666667,
    0.976,
    0.9746666666666667,
    0.9788333333333333,
    0.9784166666666667
  ]
}