{
  "train_loss": [
    0.34876209079722564,
    0.1643162114198009,
    0.13511192910621564,
    0.12077843933800857,
    0.10455257322452963,
    0.09638374917519589,
    0.08617112242802978,
    0.08156484079050522,
    0.07129770367934059,
    0.06775779753737152,
    0.06069162298956265,
    0.06128500872167448,
    0.052707352411622804,
    0.05210974309624483,
    0.050555906906879194
  ],
  "val_loss": [
    0.1532320162753264,
    0.11129463622967402,
    0.14057264774044353,
    0.08047033903375268,
    0.08526605286697547,
    0.07528820203244686,
    0.06205151558915774,
    0.06291500754157701,
    0.06567024818559487,
    0.06184674508372943,
    0.05784619764611125,
    0.044666568918774525,
    0.04358848613935212,
    0.04546390845937034,
    0.04705566633989414
  ],
  "train_acc": [
    0.8891041666666667,
    0.9496458333333333,
    0.9589583333333334,
    0.9628541666666667,
    0.9673541666666666,
    0.9704375,
    0.9734583333333333,
    0.9754166666666667,
    0.9780416666666667,
    0.9792916666666667,
    0.9814166666666667,
    0.9810833333333333,
    0.9837708333333334,
    0.9838541666666667,
    0.9847916666666666
  ],
  "val_acc": [
    0.9526666666666667,
    0.9630833333333333,
    0.9570833333333333,
    0.9743333333333334,
    0.9726666666666667,
    0.9786666666666667,
    0.981,
    0.98025,
    0.9785,
    0.98175,
    0.9823333333333333,
    0.9863333333333333,
    0.9848333333333333,
    0.98675,
    0.9844166666666667
  ]
}