{
  "train_loss": [
    0.3481680747916301,
    0.17390161914378405,
    0.14883865086113413,
    0.1291392284606894,
    0.1168529450421532,
    0.10709823611999551,
    0.09673929016043742,
    0.08670793877790371,
    0.08498304473174115,
    0.07718074301009377,
    0.06562371881616612,
    0.061250765988292794,
    0.0625424475579833,
    0.0563725826193889,
    0.05494593877935161
  ],
  "val_loss": [
    0.1689406517148018,
    0.11419290472815434,
    0.10339832171797753,
    0.08943672563135624,
    0.08993394663619499,
    0.09314462635417779,
    0.07506902505954106,
    0.06943669449537992,
    0.060475856346388655,
    0.05539693854376674,
    0.050511918796847265,
    0.04844806588192781,
    0.04184428710614641,
    0.049198729290316504,
    0.044046112408240634
  ],
  "train_acc": [
    0.8906666666666667,
    0.9459166666666666,
    0.9528958333333334,
    0.9600625,
    0.9629166666666666,
    0.9663125,
    0.9704375,
    0.9736458333333333,
    0.9736875,
    0.9760416666666667,
    0.9796458333333333,
    0.9810416666666667,
    0.9802708333333333,
    0.9824583333333333,
    0.9824583333333333
  ],
  "val_acc": [
    0.9458333333333333,
    0.9655833333333333,
    0.96775,
    0.9715833333333334,
    0.9710833333333333,
    0.968,
    0.97625,
    0.9771666666666666,
    0.98125,
    0.98275,
    0.9841666666666666,
    0.9834166666666667,
    0.9864166666666667,
    0.9844166666666667,
    0.9851666666666666
  ]
}