{
  "train_loss": [
    0.35836916510760786,
    0.16681282717486223,
    0.13784063813090325,
    0.12245027873913447,
    0.10710297583416105,
    0.09920229175997278,
    0.09189908780592183,
    0.08262894816727688,
    0.08101092602560918,
    0.07610444724559784,
    0.06838197911841173,
    0.06388636280844609,
    0.05931296354252845,
    0.05583667305515458,
    0.05575497180984045
  ],
  "val_loss": [
    0.16391940524180731,
    0.1080256267040968,
    0.12025174621244272,
    0.11992553103963534,
    0.08225989698494474,
    0.08096018661310275,
    0.07557165561492245,
    0.07174424681129554,
    0.06468975517402092,
    0.057307537297407785,
    0.05833725530157487,
    0.05049957552428047,
    0.05207497682298223,
    0.0495496532569329,
    0.05075690312062701
  ],
  "train_acc": [
    0.8887083333333333,
    0.949375,
    0.9572708333333333,
    0.9629791666666667,
    0.9670416666666667,
    0.9703333333333334,
    0.9727916666666667,
    0.9746875,
    0.9758958333333333,
    0.9771041666666667,
    0.9798125,
    0.9804791666666667,
    0.9823958333333334,
    0.9832708333333333,
    0.98275
  ],
  "val_acc": [
    0.94775,
    0.9655,
    0.9635,
    0.9615,
    0.9733333333333334,
    0.9743333333333334,
    0.9764166666666667,
    0.9768333333333333,
    0.9789166666666667,
    0.98225,
    0.98075,
    0.9844166666666667,
    0.9835,
    0.984,
    0.9833333333333333
  ]
}