{
  "train_loss": [
    0.16215190849887828,
    0.0645740988853698,
    0.05013532842245574,
    0.041754909386935955,
    0.035260099385709814,
    0.027246261852036695,
    0.022046017040673178,
    0.018714622286798356,
    0.01541114082375619,
    0.011153503634384833,
    0.008066999606666892,
    0.005961492654605536,
    0.004912035052000041,
    0.0038806966342890517,
    0.003430267201001698
  ],
  "val_loss": [
    0.06225659233828386,
    0.059533505604912836,
    0.04668893980359038,
    0.046127187307924034,
    0.03952494486405825,
    0.03396331909764558,
    0.031681265901541335,
    0.03252121135188887,
    0.032583196077340594,
    0.032813937342260034,
    0.02892777231572351,
    0.027225057663803454,
    0.027039693788208145,
    0.026751480527998257,
    0.02626019810469006
  ],
  "train_acc": [
    0.9486875,
    0.9803125,
    0.98425,
    0.9871875,
    0.9886875,
    0.9911041666666667,
    0.992875,
    0.9939375,
    0.995125,
    0.996375,
    0.9974375,
    0.9983333333333333,
    0.9987916666666666,
    0.9989791666666666,
    0.9992916666666667
  ],
  "val_acc": [
    0.9813333333333333,
    0.9815,
    0.9850833333333333,
    0.9866666666666667,
    0.9886666666666667,
    0.99025,
    0.9901666666666666,
    0.99025,
    0.9915,
    0.99025,
    0.991,
    0.99175,
    0.99125,
    0.9920833333333333,
    0.9918333333333333
  ]
}