{
  "train_loss": [
    0.7791700170238812,
    0.40836776582400003,
    0.3411689751545588,
    0.2999365204175313,
    0.2610580600500107,
    0.23941478531062604,
    0.22105680083235105,
    0.20233820666372776,
    0.18994018598397572,
    0.17634363329907257,
    0.16696217106531064,
    0.15544330967466036,
    0.14917966170608998,
    0.1462265143369635,
    0.14117636790995797
  ],
  "val_loss": [
    0.3641322333812714,
    0.29561487086613975,
    0.22661589839061103,
    0.222911412358284,
    0.17534617735942204,
    0.16819914215803147,
    0.15008564072847366,
    0.15091355454921723,
    0.13765801978111267,
    0.13199259914954503,
    0.12873117136955262,
    0.11621984285116195,
    0.10808365813394387,
    0.10796164661645889,
    0.10395989921192328
  ],
  "train_acc": [
    0.7415416666666667,
    0.8712083333333334,
    0.893375,
    0.90575,
    0.9184791666666666,
    0.9252708333333334,
    0.9315625,
    0.9365833333333333,
    0.9408958333333334,
    0.946375,
    0.947,
    0.952875,
    0.9534583333333333,
    0.9543541666666666,
    0.955625
  ],
  "val_acc": [
    0.8885,
    0.9099166666666667,
    0.93125,
    0.9290833333333334,
    0.9438333333333333,
    0.9456666666666667,
    0.95425,
    0.9523333333333334,
    0.9543333333333334,
    0.959,
    0.9585833333333333,
    0.963,
    0.9655,
    0.96525,
    0.9660833333333333
  ]
}