{
  "train_loss": [
    0.37044421448310216,
    0.15799202779928842,
    0.12767610130707424,
    0.11263215126593908,
    0.10354993586242199,
    0.09275867636005083,
    0.0862707013686498,
    0.07965746887028217,
    0.0764079057003061,
    0.06643679463118314,
    0.062045683623601994,
    0.05775145834808548,
    0.055207143197456995,
    0.05098511486997207,
    0.051971498661985
  ],
  "val_loss": [
    0.15087696051597596,
    0.13657375423113505,
    0.10082759593923886,
    0.09226715072989464,
    0.08781399295727411,
    0.08237505447864532,
    0.08800768289963404,
    0.07818020816644033,
    0.058623319293061894,
    0.055031069368124005,
    0.053478124196330704,
    0.04987869382898013,
    0.0543223528166612,
    0.045257453044255574,
    0.044138024310270946
  ],
  "train_acc": [
    0.8817708333333333,
    0.95025,
    0.9594791666666667,
    0.964875,
    0.966875,
    0.9702083333333333,
    0.9724375,
    0.9754583333333333,
    0.9765833333333334,
    0.9789583333333334,
    0.9810625,
    0.9814791666666667,
    0.9835,
    0.9841875,
    0.9832708333333333
  ],
  "val_acc": [
    0.9525833333333333,
    0.95775,
    0.9684166666666667,
    0.97025,
    0.9709166666666667,
    0.9733333333333334,
    0.9730833333333333,
    0.9750833333333333,
    0.98125,
    0.9818333333333333,
    0.98325,
    0.9851666666666666,
    0.9829166666666667,
    0.9841666666666666,
    0.9864166666666667
  ]
}