{
  "train_loss": [
    0.36587818843623005,
    0.18563518953820068,
    0.15292841137200594,
    0.12970204310243327,
    0.12164312847579518,
    0.11382127206400036,
    0.10235309372314562,
    0.10160003606230021,
    0.08849325357812146,
    0.0834211738742888,
    0.08155591337227573,
    0.07523724015181263,
    0.06725709071755409,
    0.06893490104284138,
    0.0602510872092098,
    0.05972864275146276,
    0.05770629672830303,
    0.05645587263597796,
    0.053932941653455295,
    0.05471175712378075
  ],
  "val_loss": [
    0.14676288319627445,
    0.11981776289145152,
    0.10273447631796201,
    0.0968987057985117,
    0.08932784296168635,
    0.08883437725094458,
    0.07010292076567809,
    0.06779804564267397,
    0.06932404581985126,
    0.0627882880953451,
    0.06979798793047666,
    0.05267367076128721,
    0.050840398139009875,
    0.04908749970048666,
    0.04565187788630525,
    0.04425631939868132,
    0.044465874266500276,
    0.04349448154478645,
    0.048112168403031924,
    0.04492729152056078
  ],
  "train_acc": [
    0.8835625,
    0.9422291666666667,
    0.9529375,
    0.9597083333333334,
    0.96225,
    0.965,
    0.9678333333333333,
    0.9687083333333333,
    0.9720208333333333,
    0.9736458333333333,
    0.9741666666666666,
    0.9760416666666667,
    0.9790833333333333,
    0.9785833333333334,
    0.9806875,
    0.9807291666666667,
    0.9819375,
    0.9824791666666667,
    0.9829166666666667,
    0.9826875
  ],
  "val_acc": [
    0.9514166666666667,
    0.9634166666666667,
    0.9649166666666666,
    0.9703333333333334,
    0.9701666666666666,
    0.9688333333333333,
    0.9779166666666667,
    0.9794166666666667,
    0.9780833333333333,
    0.981,
    0.9775833333333334,
    0.98275,
    0.9839166666666667,
    0.98375,
    0.9859166666666667,
    0.9853333333333333,
    0.9865,
    0.9871666666666666,
    0.9841666666666666,
    0.98525
  ]
}