{
  "train_loss": [
    0.7098521218299866,
    0.40693481828769046,
    0.3437889481882254,
    0.31363344394167264,
    0.2907096948971351,
    0.27384893026947976,
    0.2575756005595128,
    0.24679955309132734,
    0.2346140113969644,
    0.2220492922315995,
    0.21099728365242482,
    0.20696253156661987,
    0.19929052139818668,
    0.18794682282209396,
    0.18113565449168284,
    0.17621464925011,
    0.17465513719121614,
    0.1709898388311267,
    0.16707091427842777,
    0.1667253083139658
  ],
  "val_loss": [
    0.3480434208114942,
    0.22774885227282843,
    0.21524792952338853,
    0.1886369390288989,
    0.18091274029016494,
    0.17633506013949712,
    0.16119787000616392,
    0.14863439818223317,
    0.15123163557549318,
    0.12857738006611666,
    0.12137834718823433,
    0.12658658174673718,
    0.12359178778529167,
    0.11855526129901409,
    0.11445772542556126,
    0.1108047665109237,
    0.10884499059120814,
    0.10660795580347379,
    0.10206236170729001,
    0.10450674550235271
  ],
  "train_acc": [
    0.7704375,
    0.8705416666666667,
    0.8923333333333333,
    0.9016041666666667,
    0.9079166666666667,
    0.9155208333333333,
    0.9196458333333334,
    0.9241041666666666,
    0.9284791666666666,
    0.931,
    0.9340625,
    0.9358958333333334,
    0.9381458333333333,
    0.942625,
    0.9429166666666666,
    0.9453125,
    0.9468958333333334,
    0.94775,
    0.9491875,
    0.9483541666666667
  ],
  "val_acc": [
    0.8998333333333334,
    0.9261666666666667,
    0.9339166666666666,
    0.9425,
    0.94525,
    0.9453333333333334,
    0.9509166666666666,
    0.9529166666666666,
    0.9536666666666667,
    0.9591666666666666,
    0.9614166666666667,
    0.9596666666666667,
    0.961,
    0.9611666666666666,
    0.964,
    0.9639166666666666,
    0.9655833333333333,
    0.96525,
    0.9668333333333333,
    0.9670833333333333
  ]
}