{
  "train_loss": [
    0.35113894197841483,
    0.16531461800883213,
    0.13531844789162278,
    0.11602505746049185,
    0.10633422884965936,
    0.09357682063058019,
    0.08835616174650689,
    0.07718574439144382,
    0.07290709217575689,
    0.06669660184221964,
    0.06171383127601197,
    0.05724147163517773,
    0.05448474112323796,
    0.054789698294053474,
    0.05024530442726488
  ],
  "val_loss": [
    0.18529124826192855,
    0.1629731002350648,
    0.10213174714893103,
    0.0882221181790034,
    0.07747288638229172,
    0.0818114761809508,
    0.06562571793918809,
    0.07560366432492932,
    0.0709016031784316,
    0.05897206320737799,
    0.052915545191305376,
    0.05546028174832463,
    0.052697805116573966,
    0.04788675204788645,
    0.04571664816637834
  ],
  "train_acc": [
    0.889625,
    0.947875,
    0.9567708333333333,
    0.9634791666666667,
    0.9667916666666667,
    0.9705,
    0.973375,
    0.9762916666666667,
    0.9771458333333334,
    0.9791875,
    0.9807708333333334,
    0.9813958333333334,
    0.9827916666666666,
    0.9835416666666666,
    0.9848541666666667
  ],
  "val_acc": [
    0.9398333333333333,
    0.9493333333333334,
    0.9684166666666667,
    0.97275,
    0.9756666666666667,
    0.9728333333333333,
    0.9781666666666666,
    0.97625,
    0.9798333333333333,
    0.9813333333333333,
    0.9838333333333333,
    0.98325,
    0.98275,
    0.9853333333333333,
    0.9859166666666667
  ]
}