{
  "train_loss": [
    0.4068607966999213,
    0.20968645228942234,
    0.1776026407678922,
    0.16132489337772132,
    0.14934309708078702,
    0.1369967366407315,
    0.1293337410974006,
    0.11941199225187302,
    0.11323213419069847,
    0.1043174115717411,
    0.09588719324767589,
    0.08960730478105446,
    0.0839563485501955,
    0.08100658943255742,
    0.07396619354064266
  ],
  "val_loss": [
    0.15516914809743562,
    0.14101340728004774,
    0.132021966462334,
    0.0969034369190534,
    0.1034461725205183,
    0.10045070441563925,
    0.08462895315885544,
    0.08260774822284778,
    0.0782801275110493,
    0.06906164819995562,
    0.0643086834003528,
    0.0637549766836067,
    0.055982919183870154,
    0.05639863709608714,
    0.051936603557318446
  ],
  "train_acc": [
    0.871375,
    0.9344166666666667,
    0.9452291666666667,
    0.9497291666666666,
    0.9546666666666667,
    0.9576458333333333,
    0.9602916666666667,
    0.9631666666666666,
    0.9647708333333334,
    0.9676458333333333,
    0.9707916666666667,
    0.9721458333333334,
    0.9744791666666667,
    0.9755208333333333,
    0.977375
  ],
  "val_acc": [
    0.95175,
    0.9551666666666667,
    0.9584166666666667,
    0.969,
    0.9663333333333334,
    0.9685,
    0.9733333333333334,
    0.9745833333333334,
    0.9745,
    0.9771666666666666,
    0.9795833333333334,
    0.9790833333333333,
    0.982,
    0.9824166666666667,
    0.9839166666666667
  ]
}